attempted_at,result,message,fail_count,forced
2026-09-27T09:00:51+00:00,ok,,0,0
2026-09-27T10:00:55+00:00,ok,,0,0
2026-09-27T11:00:51+00:00,ok,,0,0
2026-09-27T12:00:50+00:00,ok,,0,0
2026-09-27T13:00:52+00:00,ok,,0,0
2026-09-27T14:00:55+00:00,ok,,0,0
2026-09-27T15:00:52+00:00,ok,,0,0
2026-09-27T16:00:51+00:00,ok,,0,0
2026-09-27T17:00:54+00:00,ok,,0,0
2026-09-27T18:00:50+00:00,ok,,0,0
2026-09-27T19:00:51+00:00,ok,,0,0
2026-09-27T20:00:48+00:00,ok,,0,0
2026-09-27T21:00:53+00:00,ok,,0,0
2026-09-27T22:00:49+00:00,ok,,0,0
2026-09-27T23:00:50+00:00,ok,,0,0
2026-09-28T00:00:56+00:00,ok,,0,0
2026-09-28T01:00:56+00:00,ok,,0,0
2026-09-28T02:00:52+00:00,ok,,0,0
2026-09-28T03:00:48+00:00,ok,,0,0
2026-09-28T04:00:50+00:00,ok,,0,0
2026-09-28T05:00:55+00:00,ok,,0,0
2026-09-28T06:00:51+00:00,ok,,0,0
2026-09-28T07:00:53+00:00,ok,,0,0
2026-09-28T08:00:53+00:00,ok,,0,0
2026-09-28T09:00:55+00:00,ok,,0,0
2026-09-28T10:00:52+00:00,ok,,0,0
2026-09-28T11:00:55+00:00,ok,,0,0
2026-09-28T12:00:56+00:00,ok,,0,0
2026-09-28T13:00:55+00:00,ok,,0,0
2026-09-28T14:00:55+00:00,ok,,0,0
2026-09-28T15:01:05+00:00,ok,,0,0
2026-09-28T16:00:59+00:00,ok,,0,0
2026-09-28T17:00:53+00:00,ok,,0,0
2026-09-28T18:00:52+00:00,ok,,0,0
2026-09-28T19:00:54+00:00,ok,,0,0
2026-09-28T20:01:15+00:00,ok,,0,0
2026-09-28T21:00:55+00:00,ok,,0,0
2026-09-28T22:00:57+00:00,ok,,0,0
2026-09-28T23:00:51+00:00,ok,,0,0
2026-09-29T00:00:54+00:00,ok,,0,0
2026-09-29T01:00:53+00:00,ok,,0,0
2026-09-29T02:00:52+00:00,ok,,0,0
2026-09-29T03:00:50+00:00,ok,,0,0
2026-09-29T04:00:49+00:00,ok,,0,0
2026-09-29T05:00:50+00:00,ok,,0,0
2026-09-29T06:00:55+00:00,ok,,0,0
2026-09-29T07:00:52+00:00,ok,,0,0
2026-09-29T08:00:56+00:00,ok,,0,0
2026-09-29T09:01:01+00:00,ok,,0,0
2026-09-29T10:00:52+00:00,ok,,0,0
2026-09-29T11:00:55+00:00,ok,,0,0
2026-09-29T12:00:54+00:00,ok,,0,0
2026-09-29T13:00:57+00:00,ok,,0,0
2026-09-29T14:00:53+00:00,ok,,0,0
2026-09-29T15:00:58+00:00,ok,,0,0
2026-09-29T16:00:54+00:00,ok,,0,0
2026-09-29T17:00:52+00:00,ok,,0,0
2026-09-29T18:00:54+00:00,ok,,0,0
2026-09-29T19:00:58+00:00,ok,,0,0
2026-09-29T20:00:53+00:00,ok,,0,0
2026-09-29T21:00:53+00:00,ok,,0,0
2026-09-29T22:00:54+00:00,ok,,0,0
2026-09-29T23:00:51+00:00,ok,,0,0
2026-09-30T00:00:57+00:00,ok,,0,0
2026-09-30T01:00:53+00:00,ok,,0,0
2026-09-30T02:00:20+00:00,ok,,0,0
2026-09-30T03:00:52+00:00,ok,,0,0
2026-09-30T04:00:50+00:00,ok,,0,0
2026-09-30T05:00:56+00:00,ok,,0,0
2026-09-30T06:00:56+00:00,ok,,0,0
2026-09-30T07:00:52+00:00,ok,,0,0
2026-09-30T08:00:57+00:00,ok,,0,0
2026-09-30T09:00:52+00:00,ok,,0,0
2026-09-30T10:00:52+00:00,ok,,0,0
2026-09-30T11:00:55+00:00,ok,,0,0
2026-09-30T12:00:54+00:00,ok,,0,0
2026-09-30T13:00:58+00:00,ok,,0,0
2026-09-30T14:01:00+00:00,ok,,0,0
2026-09-30T15:00:56+00:00,ok,,0,0
2026-09-30T16:00:55+00:00,ok,,0,0
2026-09-30T17:00:53+00:00,ok,,0,0
2026-09-30T18:00:54+00:00,ok,,0,0
2026-09-30T19:01:11+00:00,ok,,0,0
2026-09-30T20:00:50+00:00,ok,,0,0
2026-09-30T21:00:50+00:00,ok,,0,0
2026-09-30T22:00:54+00:00,ok,,0,0
2026-09-30T23:00:51+00:00,ok,,0,0
2026-10-01T00:00:53+00:00,ok,,0,0
2026-10-01T01:00:52+00:00,ok,,0,0
2026-10-01T02:00:51+00:00,ok,,0,0
2026-10-01T03:00:54+00:00,ok,,0,0
2026-10-01T04:00:51+00:00,ok,,0,0
2026-10-01T05:00:54+00:00,ok,,0,0
2026-10-01T06:00:52+00:00,ok,,0,0
2026-10-01T07:00:54+00:00,ok,,0,0
2026-10-01T08:00:54+00:00,ok,,0,0
2026-10-01T09:00:50+00:00,ok,,0,0
2026-10-01T10:00:55+00:00,ok,,0,0
2026-10-01T11:00:55+00:00,ok,,0,0
2026-10-01T12:00:54+00:00,ok,,0,0
2026-10-01T13:00:52+00:00,ok,,0,0
2026-10-01T14:00:54+00:00,ok,,0,0
2026-10-01T15:00:54+00:00,ok,,0,0
2026-10-01T16:01:00+00:00,ok,,0,0
2026-10-01T17:00:53+00:00,ok,,0,0
2026-10-01T18:00:55+00:00,ok,,0,0
2026-10-01T19:00:54+00:00,ok,,0,0
2026-10-01T20:00:59+00:00,ok,,0,0
2026-10-01T21:00:54+00:00,ok,,0,0
2026-10-01T22:00:50+00:00,ok,,0,0
2026-10-01T23:00:53+00:00,ok,,0,0
2026-10-02T00:01:01+00:00,ok,,0,0
2026-10-02T01:00:52+00:00,ok,,0,0
2026-10-02T02:00:53+00:00,ok,,0,0
2026-10-02T03:00:49+00:00,ok,,0,0
2026-10-02T04:00:53+00:00,ok,,0,0
2026-10-02T05:00:50+00:00,ok,,0,0
2026-10-02T06:00:56+00:00,ok,,0,0
2026-10-02T07:00:54+00:00,ok,,0,0
2026-10-02T08:00:58+00:00,ok,,0,0
2026-10-02T09:00:52+00:00,ok,,0,0
2026-10-02T10:00:51+00:00,ok,,0,0
2026-10-02T11:00:49+00:00,ok,,0,0
2026-10-02T12:00:59+00:00,ok,,0,0
2026-10-02T13:00:56+00:00,ok,,0,0
2026-10-02T14:00:55+00:00,ok,,0,0
2026-10-02T15:00:58+00:00,ok,,0,0
2026-10-02T16:00:57+00:00,ok,,0,0
2026-10-02T17:00:57+00:00,ok,,0,0
2026-10-02T18:00:56+00:00,ok,,0,0
2026-10-02T19:00:52+00:00,ok,,0,0
2026-10-02T20:00:52+00:00,ok,,0,0
2026-10-02T21:00:52+00:00,ok,,0,0
2026-10-02T22:00:56+00:00,ok,,0,0
2026-10-02T23:00:51+00:00,ok,,0,0
2026-10-03T00:00:57+00:00,ok,,0,0
2026-10-03T01:00:55+00:00,ok,,0,0
2026-10-03T02:00:52+00:00,ok,,0,0
2026-10-03T03:00:59+00:00,ok,,0,0
2026-10-03T04:00:50+00:00,ok,,0,0
2026-10-03T05:00:49+00:00,ok,,0,0
2026-10-03T06:00:53+00:00,ok,,0,0
2026-10-03T07:00:50+00:00,ok,,0,0
2026-10-03T08:00:53+00:00,ok,,0,0
2026-10-03T09:00:51+00:00,ok,,0,0
2026-10-03T10:00:52+00:00,ok,,0,0
2026-10-03T11:00:53+00:00,ok,,0,0
2026-10-03T12:00:59+00:00,ok,,0,0
2026-10-03T13:00:55+00:00,ok,,0,0
2026-10-03T14:00:50+00:00,ok,,0,0
2026-10-03T15:01:31+00:00,ok,,0,0
2026-10-03T16:00:53+00:00,ok,,0,0
2026-10-03T17:00:49+00:00,ok,,0,0
2026-10-03T18:00:51+00:00,ok,,0,0
2026-10-03T19:00:50+00:00,ok,,0,0
2026-10-03T20:01:01+00:00,ok,,0,0
2026-10-03T21:00:53+00:00,ok,,0,0
2026-10-03T22:00:53+00:00,ok,,0,0
2026-10-03T23:00:51+00:00,ok,,0,0
2026-10-04T00:00:59+00:00,ok,,0,0
2026-10-04T01:00:53+00:00,ok,,0,0
2026-10-04T02:00:51+00:00,ok,,0,0
2026-10-04T03:00:52+00:00,ok,,0,0
2026-10-04T04:00:50+00:00,ok,,0,0
2026-10-04T05:00:50+00:00,ok,,0,0
2026-10-04T06:00:57+00:00,ok,,0,0
2026-10-04T07:00:52+00:00,ok,,0,0
2026-10-04T08:00:50+00:00,ok,,0,0
2026-10-04T09:00:52+00:00,ok,,0,0
2026-10-04T10:00:52+00:00,ok,,0,0
2026-10-04T11:00:56+00:00,ok,,0,0
2026-10-04T12:00:53+00:00,ok,,0,0
2026-10-04T13:00:50+00:00,ok,,0,0
2026-10-04T14:00:56+00:00,ok,,0,0
2026-10-04T15:00:52+00:00,ok,,0,0
2026-10-04T16:00:55+00:00,ok,,0,0
2026-10-04T17:00:57+00:00,ok,,0,0
2026-10-04T18:01:28+00:00,ok,,0,0
2026-10-04T19:00:54+00:00,ok,,0,0
2026-10-04T20:00:54+00:00,ok,,0,0
2026-10-04T21:00:54+00:00,ok,,0,0
2026-10-04T22:00:54+00:00,ok,,0,0
2026-10-04T23:00:50+00:00,ok,,0,0
2026-10-05T00:00:52+00:00,ok,,0,0
2026-10-05T01:01:26+00:00,ok,,0,0
2026-10-05T02:01:28+00:00,ok,,0,0
2026-10-05T03:00:49+00:00,ok,,0,0
2026-10-05T04:00:50+00:00,ok,,0,0
2026-10-05T05:00:54+00:00,ok,,0,0
2026-10-05T06:00:56+00:00,ok,,0,0
2026-10-05T07:01:00+00:00,ok,,0,0
2026-10-05T08:00:54+00:00,ok,,0,0
2026-10-05T09:00:58+00:00,ok,,0,0
2026-10-05T10:00:53+00:00,ok,,0,0
2026-10-05T11:00:54+00:00,ok,,0,0
2026-10-05T12:00:57+00:00,ok,,0,0
2026-10-05T13:00:57+00:00,ok,,0,0
2026-10-05T14:00:56+00:00,ok,,0,0
2026-10-05T15:00:59+00:00,ok,,0,0
2026-10-05T16:00:52+00:00,ok,,0,0
2026-10-05T17:00:52+00:00,ok,,0,0
2026-10-05T18:00:57+00:00,ok,,0,0
2026-10-05T19:01:02+00:00,ok,,0,0
2026-10-05T20:31:17+00:00,ok,,0,0
2026-10-05T21:25:44+00:00,ok,,0,0
2026-10-05T22:00:51+00:00,ok,,0,0
2026-10-05T23:00:53+00:00,ok,,0,0
2026-10-06T00:00:56+00:00,ok,,0,0
2026-10-06T01:00:53+00:00,ok,,0,0
2026-10-06T02:00:51+00:00,ok,,0,0
2026-10-06T03:00:54+00:00,ok,,0,0
2026-10-06T04:00:55+00:00,ok,,0,0
2026-10-06T05:00:54+00:00,ok,,0,0
2026-10-06T06:00:53+00:00,ok,,0,0
2026-10-06T07:00:55+00:00,ok,,0,0
2026-10-06T08:00:53+00:00,ok,,0,0
2026-10-06T09:00:55+00:00,ok,,0,0
2026-10-06T10:00:54+00:00,ok,,0,0
2026-10-06T11:00:54+00:00,ok,,0,0
2026-10-06T12:01:01+00:00,ok,,0,0
2026-10-06T13:01:03+00:00,ok,,0,0
2026-10-06T14:00:59+00:00,ok,,0,0
2026-10-06T15:00:58+00:00,ok,,0,0
2026-10-06T16:01:00+00:00,ok,,0,0
2026-10-06T17:01:05+00:00,ok,,0,0
2026-10-06T18:00:54+00:00,ok,,0,0
2026-10-06T19:00:58+00:00,ok,,0,0
2026-10-06T20:00:57+00:00,ok,,0,0
2026-10-06T21:00:54+00:00,ok,,0,0
2026-10-06T22:00:53+00:00,ok,,0,0
2026-10-06T23:00:53+00:00,ok,,0,0
2026-10-07T00:01:02+00:00,ok,,0,0
2026-10-07T01:00:55+00:00,ok,,0,0
2026-10-07T02:00:55+00:00,ok,,0,0
2026-10-07T03:00:56+00:00,ok,,0,0
2026-10-07T04:00:52+00:00,ok,,0,0
2026-10-07T05:00:54+00:00,ok,,0,0
2026-10-07T06:01:02+00:00,ok,,0,0
2026-10-07T07:00:56+00:00,ok,,0,0
2026-10-07T08:01:27+00:00,ok,,0,0
2026-10-07T09:01:01+00:00,ok,,0,0
2026-10-07T10:00:54+00:00,ok,,0,0
2026-10-07T11:00:57+00:00,ok,,0,0
2026-10-07T12:00:57+00:00,ok,,0,0
2026-10-07T13:00:56+00:00,ok,,0,0
2026-10-07T14:01:04+00:00,ok,,0,0
2026-10-07T15:00:57+00:00,ok,,0,0
2026-10-07T16:00:57+00:00,ok,,0,0
2026-10-07T17:20:42+00:00,ok,,0,0
2026-10-07T18:00:56+00:00,ok,,0,0
2026-10-07T19:00:55+00:00,ok,,0,0
2026-10-07T20:00:59+00:00,ok,,0,0
2026-10-07T21:00:54+00:00,ok,,0,0
2026-10-07T22:00:57+00:00,ok,,0,0
2026-10-07T23:00:53+00:00,ok,,0,0
2026-10-08T00:00:56+00:00,ok,,0,0
2026-10-08T01:00:57+00:00,ok,,0,0
2026-10-08T02:00:56+00:00,ok,,0,0
2026-10-08T03:00:55+00:00,ok,,0,0
2026-10-08T04:00:51+00:00,ok,,0,0
2026-10-08T05:00:55+00:00,ok,,0,0
2026-10-08T06:00:55+00:00,ok,,0,0
2026-10-08T07:00:57+00:00,ok,,0,0
2026-10-08T08:00:57+00:00,ok,,0,0
2026-10-08T09:00:57+00:00,ok,,0,0
2026-10-08T10:00:49+00:00,ok,,0,0
2026-10-08T11:00:47+00:00,ok,,0,0
2026-10-08T12:00:51+00:00,ok,,0,0
2026-10-08T13:00:52+00:00,ok,,0,0
2026-10-08T14:00:50+00:00,ok,,0,0
2026-10-08T15:00:54+00:00,ok,,0,0
2026-10-08T16:00:50+00:00,ok,,0,0
2026-10-08T17:00:53+00:00,ok,,0,0
2026-10-08T18:00:49+00:00,ok,,0,0
2026-10-08T19:00:47+00:00,ok,,0,0
2026-10-08T20:00:45+00:00,ok,,0,0
2026-10-08T21:00:48+00:00,ok,,0,0
2026-10-08T22:00:46+00:00,ok,,0,0
2026-10-08T23:00:45+00:00,ok,,0,0
2026-10-09T00:00:49+00:00,ok,,0,0
2026-10-09T01:01:05+00:00,ok,,0,0
2026-10-09T02:00:48+00:00,ok,,0,0
2026-10-09T03:00:47+00:00,ok,,0,0
2026-10-09T04:00:47+00:00,ok,,0,0
2026-10-09T05:00:44+00:00,ok,,0,0
2026-10-09T06:00:47+00:00,ok,,0,0
2026-10-09T07:00:49+00:00,ok,,0,0
2026-10-09T08:00:44+00:00,ok,,0,0
2026-10-09T09:00:47+00:00,ok,,0,0
2026-10-09T10:00:48+00:00,ok,,0,0
2026-10-09T11:00:47+00:00,ok,,0,0
2026-10-09T12:00:47+00:00,ok,,0,0
2026-10-09T13:00:48+00:00,ok,,0,0
2026-10-09T14:00:50+00:00,ok,,0,0
2026-10-09T15:00:51+00:00,ok,,0,0
2026-10-09T16:00:49+00:00,ok,,0,0
2026-10-09T17:00:46+00:00,ok,,0,0
2026-10-09T18:00:45+00:00,ok,,0,0
2026-10-09T19:00:51+00:00,ok,,0,0
2026-10-09T20:00:46+00:00,ok,,0,0
